,Total,IC,PCB,Resistor,Capacitor,Inductor,Connector,Switch,Diode,Timing Device,Transistor (MOSFET),Ferrite Bead
NXP RT1176 w/ TPU,2.36,2.15E+00,7.64E-02,3.66E-03,1.24E-02,1.94E-02,1.36E-02,6.08E-02,2.40E-02,2.77E-03,8.50E-04,4.57E-03
RP2350,0.46,2.71E-01,1.31E-02,2.14E-03,1.10E-02,2.72E-03,7.15E-02,2.03E-02,5.38E-02,1.21E-02,1.16E-03,0
RP2040,0.45,2.69E-01,3.12E-02,1.60E-04,5.25E-03,0,7.68E-02,0,0,6.82E-02,0,0
nRF52840,0.26,1.72E-01,1.50E-02,0,0.00219,7.80E-05,0,0,0,6.82E-02,0,0
ESP32,0.33,2.12E-01,2.17E-02,0.00024,0.005575,0,0.05440373958,6.68E-03,0.02613741241,0,0,0
ESP32-C6,0.27,1.57E-01,2.17E-02,0.00024,0.005575,0,0.05440373958,6.68E-03,0.02613741241,0,0,0
ESP32-S3,0.39,2.78E-01,2.17E-02,0.00024,0.005575,0,0.05440373958,6.68E-03,0.02613741241,0,0,0
STM32F411,0.89,0.504912131,2.15E-02,2.84E-03,3.26E-02,0,7.38E-02,3.80E-02,6.61E-02,1.45E-01,1.37E-03,1.28E-04